SALE TYPE,SOLD DATE,PROPERTY TYPE,ADDRESS,CITY,STATE OR PROVINCE,ZIP OR POSTAL CODE,PRICE,BEDS,BATHS,LOCATION,SQUARE FEET,LOT SIZE,YEAR BUILT,DAYS ON MARKET,$/SQUARE FEET,HOA/MONTH,STATUS,URL,MLS#,LATITUDE,LONGITUDE
MLS Listing,,Single Family Residential,2596 Market Ave,Austin,TX,78704,542000,3,3,Austin,1906,,1957,,284,0,Active,,MLSL1000,30.25517,-97.74802
MLS Listing,,Multi-Family (2-4 Unit),6143 Market Ave,Austin,TX,78704,509000,3,1.5,Austin,1659,,1987,,307,0,Active,,MLSL1001,30.25178,-97.76344
MLS Listing,,Single Family Residential,5211 Market Ave,Austin,TX,78704,266000,2,2.5,Austin,840,,1958,,317,0,Active,,MLSL1002,30.25611,-97.77945
MLS Listing,,Condo/Co-op,5041 Market Ave,Austin,TX,78704,546000,4,2,Austin,1592,,1968,,343,250,Active,,MLSL1003,30.22804,-97.75838
MLS Listing,,Multi-Family (2-4 Unit),6982 Market Ave,Austin,TX,78704,441000,2,2.5,Austin,1137,,1956,,388,0,Active,,MLSL1004,30.25146,-97.78324
MLS Listing,,Multi-Family (2-4 Unit),7235 Market Ave,Austin,TX,78704,672000,4,1,Austin,1619,,1974,,415,0,Active,,MLSL1005,30.26343,-97.76058
MLS Listing,,Multi-Family (2-4 Unit),4122 Market Ave,Austin,TX,78745,249000,2,3,Austin,812,,1996,,307,0,Active,,MLSL1006,30.20859,-97.77697
MLS Listing,,Multi-Family (2-4 Unit),5611 Market Ave,Austin,TX,78745,310000,2,2,Austin,1060,,2003,,292,0,Active,,MLSL1007,30.19975,-97.79141
MLS Listing,,Condo/Co-op,9206 Market Ave,Austin,TX,78745,181000,1,2,Austin,825,,1990,,219,0,Active,,MLSL1008,30.20419,-97.79967
MLS Listing,,Single Family Residential,7900 Market Ave,Austin,TX,78745,542000,5,1.5,Austin,2047,,1985,,265,0,Active,,MLSL1009,30.19965,-97.79374
MLS Listing,,Condo/Co-op,7853 Market Ave,Austin,TX,78745,484000,4,2,Austin,1823,,2002,,265,250,Active,,MLSL1010,30.20618,-97.80027
MLS Listing,,Multi-Family (2-4 Unit),4538 Market Ave,Austin,TX,78745,533000,5,2,Austin,2064,,2013,,258,0,Active,,MLSL1011,30.22987,-97.78798
MLS Listing,,Townhouse,3238 Market Ave,Nashville,TN,37206,387000,3,2,Nashville,1488,,1978,,260,0,Active,,MLSL1012,36.16278,-86.73357
MLS Listing,,Townhouse,3039 Market Ave,Nashville,TN,37206,436000,4,2,Nashville,2117,,2001,,206,0,Active,,MLSL1013,36.19722,-86.72169
MLS Listing,,Single Family Residential,1780 Market Ave,Nashville,TN,37206,123000,1,3,Nashville,593,,2017,,207,0,Active,,MLSL1014,36.18013,-86.7271
MLS Listing,,Townhouse,4236 Market Ave,Nashville,TN,37206,145000,1,2.5,Nashville,715,,1961,,203,150,Active,,MLSL1015,36.17678,-86.73738
MLS Listing,,Single Family Residential,4166 Market Ave,Nashville,TN,37206,293000,2,1,Nashville,1036,,1965,,283,0,Active,,MLSL1016,36.16407,-86.72255
MLS Listing,,Multi-Family (2-4 Unit),6332 Market Ave,Nashville,TN,37206,254000,2,2.5,Nashville,1145,,2021,,222,0,Active,,MLSL1017,36.18225,-86.72337
MLS Listing,,Multi-Family (2-4 Unit),3504 Market Ave,Lakewood,OH,44107,230000,4,2,Lakewood,1721,,1967,,134,0,Active,,MLSL1018,41.47422,-81.79416
MLS Listing,,Single Family Residential,6793 Market Ave,Lakewood,OH,44107,157000,3,2,Lakewood,1704,,1955,,92,0,Active,,MLSL1019,41.46828,-81.81205
MLS Listing,,Condo/Co-op,3924 Market Ave,Lakewood,OH,44107,228000,4,3,Lakewood,1662,,1964,,137,0,Active,,MLSL1020,41.47352,-81.80769
MLS Listing,,Single Family Residential,1269 Market Ave,Lakewood,OH,44107,194000,3,2,Lakewood,1357,,1973,,143,0,Active,,MLSL1021,41.48378,-81.79309
MLS Listing,,Townhouse,4560 Market Ave,Lakewood,OH,44107,84000,1,1.5,Lakewood,821,,2006,,102,250,Active,,MLSL1022,41.47957,-81.80025
MLS Listing,,Multi-Family (2-4 Unit),9991 Market Ave,Lakewood,OH,44107,235000,5,2,Lakewood,1890,,1996,,124,0,Active,,MLSL1023,41.46522,-81.81741
MLS Listing,,Single Family Residential,2970 Market Ave,Atlanta,GA,30310,260000,3,1,Atlanta,1879,,1960,,138,0,Active,,MLSL1024,33.74498,-84.41111
MLS Listing,,Multi-Family (2-4 Unit),1594 Market Ave,Atlanta,GA,30310,372000,4,2.5,Atlanta,2077,,2017,,179,0,Active,,MLSL1025,33.74164,-84.43074
MLS Listing,,Single Family Residential,6661 Market Ave,Atlanta,GA,30310,296000,4,2,Atlanta,1652,,1991,,179,0,Active,,MLSL1026,33.73931,-84.42481
MLS Listing,,Multi-Family (2-4 Unit),8531 Market Ave,Atlanta,GA,30310,313000,5,1,Atlanta,2245,,2006,,139,0,Active,,MLSL1027,33.70852,-84.4279
MLS Listing,,Single Family Residential,945 Market Ave,Atlanta,GA,30310,167000,1,3,Atlanta,901,,2011,,185,0,Active,,MLSL1028,33.7125,-84.42353
MLS Listing,,Condo/Co-op,572 Market Ave,Atlanta,GA,30310,223000,3,2,Atlanta,1287,,1970,,173,250,Active,,MLSL1029,33.74211,-84.42048
